{
  "area005": 6.95553021664766,
  "area009": 6.14107883817427,
  "area010": 6.50842266462481,
  "area016": 11.9310149844501,
  "area018": 16.2650602409639,
  "area019": 10.6082036775106,
  "area020": 12.0931952662722,
  "area035": 14.9253731343284,
  "area043": 11.8320610687023,
  "area046": 6.71256454388985,
  "area047": 8.35140997830803,
  "area049": 27.502765654822,
  "area050": 11.4521629868964,
  "area051": 13.4457154324704,
  "area052": 7.78652668416448,
  "area060": 11.0169491525424,
  "area061": 8.11188811188811,
  "area062": 6.96864111498258,
  "area065": 6.22568093385214,
  "area069": 6.65840817590585,
  "area071": 7.21216041397154,
  "area072": 10.9004739336493,
  "area074": 6.33397312859885,
  "area075": 12.7448937057107,
  "area076": 10.4441776710684,
  "area077": 7.65832106038292,
  "area078": 12.2203098106713,
  "area079": 11.5802943058221,
  "area081": 7.13640469738031,
  "area082": 13.8560464633893,
  "area086": 13.7810014038372,
  "area090": 8.3969465648855,
  "area091": 20.951921489309,
  "area092": 16.2716835418785,
  "area097": 8.53517877739331,
  "area098": 14.2194203659925,
  "area099": 6.61375661375661,
  "area102": 8.51931330472103,
  "area103": 7.36543909348442,
  "area105": 6,
  "area106": 16.8315212948582,
  "area108": 11.3387706385518,
  "area109": 13.2363070104513,
  "area111": 9.72040452111838,
  "area139": 10.348560294436,
  "area140": 8.53884394190467,
  "area142": 10.7287449392713,
  "area143": 7.85219399538106,
  "area145": 9.67261904761905,
  "area146": 5.07131537242472,
  "area148": 7.62439807383628,
  "area149": 20.0727272727273,
  "area151": 7.51708428246014,
  "area152": 9.98142989786444,
  "area153": 12.8211284513806,
  "area164": 0,
  "area165": 12.5229751255974,
  "area167": 8.64601159612781,
  "area169": 10.2040816326531,
  "area170": 16.2372881355932,
  "area171": 10.2160216021602,
  "area172": 7.9954954954955,
  "area174": 0,
  "area176": 5.08382909680909,
  "area177": 10.6635071090047,
  "area178": 7.3961113229127,
  "area179": 12.0350484221622,
  "area181": 5.10585305105853,
  "area182": 14.1948695839621,
  "area186": 18.805273501474,
  "area202": 18.2704225352113,
  "area204": 6.78260869565217,
  "area205": 8.94638570285409,
  "area208": 8.38053982005998,
  "area211": 16.4102564102564,
  "area213": 7.7207582061951,
  "area214": 8.46651445966515,
  "area216": 6.77083333333333,
  "area217": 7.38952840698106,
  "area218": 8.21678321678322,
  "area224": 10.5326009075711,
  "area226": 6.90639269406393,
  "area230": 5.46875,
  "area231": 10.5519480519481,
  "area232": 7.71599935159669,
  "area233": 7.90146722304482,
  "area235": 39.0069588113598,
  "area236": 6.1711079943899,
  "area239": 8.35140997830803,
  "area240": 12.0991253644315,
  "area241": 14.5618880241024,
  "area244": 15.7984265362535,
  "area245": 15.7042869641295,
  "area249": 8.50718590635141,
  "area250": 4.97572815533981,
  "area256": 5.78778135048232,
  "area257": 24.8167024320458,
  "area260": 6.65246212121212,
  "area261": 11.5860215053763,
  "area263": 6.57334144856969,
  "area265": 3.40909090909091,
  "area271": 7.9764121663563,
  "area272": 11.1992726671626,
  "area273": 6.36132315521628,
  "area275": 7.97041906327034,
  "area276": 11.1480015323713,
  "area280": 6.78733031674208,
  "area283": 0,
  "area284": 9.62888665997994,
  "area285": 13.2856166311472,
  "area286": 12.8719440616547,
  "area287": 9.21644187540141,
  "area288": 8.79120879120879,
  "area290": 5.71997723392146,
  "area291": 8.64345738295318,
  "area295": 11.7283950617284,
  "area297": 11.9733073020852,
  "area300": 8.72020075282309,
  "area301": 7.84008307372793,
  "area304": 14.043583535109,
  "area305": 6.55471289274106,
  "area309": 7.18861209964413,
  "area312": 4.13223140495868,
  "area316": 9.53995157384988,
  "area317": 6.53710247349823,
  "area318": 6.61764705882353,
  "area319": 0,
  "area320": 6.64112388250319,
  "area322": 8.62010221465077,
  "area398": 12.1141261376445,
  "area399": 14.1114982578397,
  "area400": 7.66334440753045,
  "area402": 8.31744518589133,
  "area403": 6.96480938416422,
  "area405": 12.085097203872,
  "area407": 9.22570016474465,
  "area408": 9.37272594964343,
  "area410": 11.9897103232301,
  "area413": 0,
  "area416": 12.9363449691992,
  "area417": 15.5388471177945,
  "area418": 19.5051307514068,
  "area420": 10.7365504502424,
  "area421": 4.83870967741935,
  "area422": 5.90659340659341,
  "area423": 17.0826981707317,
  "area425": 15.0110375275938,
  "area426": 8.82753919563736,
  "area430": 8.64909390444811,
  "area433": 12.4839455432828,
  "area434": 13.2427130044843,
  "area435": 10.3333333333333,
  "area436": 10.4430379746835,
  "area438": 15.609756097561,
  "area440": 9.6,
  "area441": 12.1301775147929,
  "area442": 0,
  "area444": 16.5682528655783,
  "area445": 15.5016393442623,
  "area475": 9.41750959190792,
  "area476": 0,
  "area478": 15.0692677410235,
  "area480": 10.8017817371938,
  "area481": 17.4868702587045,
  "area483": 4.32098765432099,
  "area484": 7.79527559055118,
  "area489": 9.125,
  "area491": 9.86727999396727,
  "area494": 10.0117785630153,
  "area495": 8.80989180834621,
  "area498": 7.97285835453774,
  "area499": 14.7796024200519,
  "area500": 17.5838673200151,
  "area503": 10.2149111170072,
  "area504": 9.61313012895662,
  "area505": 16.0735632183908,
  "area507": 9.36238902340597,
  "area508": 9.06555090655509,
  "area529": 18.9679218967922,
  "area531": 10.2952913008779,
  "area532": 0,
  "area535": 8.13537944082405,
  "area536": 15.2066407629813,
  "area538": 12.3711340206186,
  "area541": 5.1940116101436,
  "area543": 21.4087000505817,
  "area545": 7.59794222398101,
  "area560": 11.7937758781889,
  "area561": 8.76923076923077,
  "area562": 11.3459669582119,
  "area563": 7.50654640675007,
  "area564": 14.3656532087843,
  "area576": 7.02614379084967,
  "area577": 13.8186958826648,
  "area578": 6.36363636363636,
  "area580": 8.14262905800958,
  "area581": 7.70893371757925,
  "area583": 4.37636761487965,
  "area584": 6.47985989492119,
  "area588": 8.19672131147541,
  "area592": 10.7515085024685,
  "area593": 7.55996483737285,
  "area595": 7.11321873147599,
  "area598": 10.6357336547153,
  "area599": 7.82912234042553,
  "area601": 5.94117647058824,
  "area604": 21.5609848844947,
  "area607": 5.61194029850746,
  "area608": 8.30564784053156,
  "area609": 11.1182826544272,
  "area611": 17.9016874541453,
  "area614": 5.24691358024691,
  "area615": 4.92049204920492,
  "area616": 13.4553283100108,
  "area619": 9.60067969413764,
  "area620": 4.15841584158416,
  "area623": 9.85761226725082,
  "area624": 16.5245635403979,
  "area625": 10.0983606557377,
  "area626": 10.4716981132075,
  "area630": 6.02409638554217,
  "area631": 11.7241379310345,
  "area635": 10.989010989011,
  "area636": 8.59277708592777,
  "area638": 19.2387287509239,
  "area678": 10.4271574926202,
  "area680": 13.8555598012992,
  "area681": 7.3187414500684,
  "area683": 5.97758405977584,
  "area684": 15.3404004711425,
  "area686": 7.51533742331288,
  "area687": 5.94679186228482,
  "area689": 15.6756756756757,
  "area691": 7.07395498392283,
  "area694": 14.4390047615854,
  "area697": 7.48175182481752,
  "area698": 10.665023184833,
  "area700": 15.3917477978674,
  "area702": 8.64805692391899,
  "area704": 15.8235294117647,
  "area707": 6.64206642066421,
  "area710": 11.0371146363364,
  "area729": 7.22151088348271,
  "area732": 5.10948905109489,
  "area734": 10.7549540057543,
  "area736": 13.1,
  "area738": 14.3795141168746,
  "area739": 9.95879120879121,
  "area740": 8.16821939378034,
  "area742": 7.23684210526316,
  "area743": 10.915679688881,
  "area746": 7.87545787545788,
  "area747": 6.67870036101083,
  "area748": 9.01015228426396,
  "area749": 13.0533587855649,
  "area751": 10.4942965779468,
  "area753": 23.3853946813001,
  "area755": 21.497005988024,
  "area758": 10.4457142857143,
  "area759": 7.15071507150715,
  "area761": 10.2094935030496,
  "area762": 6.92537313432836,
  "area765": 10.4012465913518,
  "area766": 15.7894736842105,