{
  "area005": 4.71674876847291,
  "area009": 4.06427221172023,
  "area010": 4.48975388734425,
  "area016": 7.35047512576859,
  "area018": 11.3798370672098,
  "area019": 8.02987861811391,
  "area020": 8.08207089277835,
  "area035": 12.5581395348837,
  "area043": 9.85748218527316,
  "area046": 4.71246006389776,
  "area047": 5.51083591331269,
  "area049": 22.179227589963,
  "area050": 7.55095893161964,
  "area051": 9.40255868836169,
  "area052": 5.42082738944365,
  "area060": 9.38511326860841,
  "area061": 5.22669177990044,
  "area062": 5.53191489361702,
  "area065": 5.58139534883721,
  "area069": 4.70288624787776,
  "area071": 5.24786635191574,
  "area072": 6.91244239631336,
  "area074": 4.44015444015444,
  "area075": 7.84015330853342,
  "area076": 8.56481481481481,
  "area077": 4.83678818203479,
  "area078": 7.69230769230769,
  "area079": 6.82757480575302,
  "area081": 4.75104522995059,
  "area082": 9.87861570247934,
  "area086": 9.54109787975603,
  "area090": 5.01185235353877,
  "area091": 16.6345454776206,
  "area092": 12.5315312021809,
  "area097": 5.74712643678161,
  "area098": 9.70298042022391,
  "area099": 4.83870967741935,
  "area102": 5.91019277386587,
  "area103": 4.79381443298969,
  "area105": 3.45489443378119,
  "area106": 11.6808236808237,
  "area108": 7.48706152961472,
  "area109": 9.06392415009342,
  "area111": 6.13504142915908,
  "area139": 7.09424083769633,
  "area140": 5.74259593803033,
  "area142": 6.85048809727693,
  "area143": 5.22799398697177,
  "area145": 7.36240171551108,
  "area146": 3.22153574580759,
  "area148": 5.74582048368771,
  "area149": 14.5161290322581,
  "area151": 5.32212885154062,
  "area152": 6.85567010309278,
  "area153": 7.56710694503622,
  "area164": 0,
  "area165": 8.50442025279462,
  "area167": 5.97295726391141,
  "area169": 6.79040289723857,
  "area170": 14.1199703776845,
  "area171": 6.80288461538461,
  "area172": 4.81777333999001,
  "area174": 0,
  "area176": 3.35315101070155,
  "area177": 6.93069306930693,
  "area178": 5.1109494361586,
  "area179": 8.69846788349779,
  "area181": 3.84376937383757,
  "area182": 8.31328671328671,
  "area186": 14.0334676516678,
  "area202": 13.3417103998817,
  "area204": 3.71212121212121,
  "area205": 6.16875822447604,
  "area208": 5.67010309278351,
  "area211": 11.7584158415842,
  "area213": 4.93620581468312,
  "area214": 5.41772151898734,
  "area216": 4.41298917568693,
  "area217": 5.35322509872751,
  "area218": 5.39383561643836,
  "area224": 6.81195175438596,
  "area226": 4.4931199101376,
  "area230": 3.98126463700234,
  "area231": 6.30942091616249,
  "area232": 5.31238969290505,
  "area233": 5.52178689124863,
  "area235": 33.286498914293,
  "area236": 5.01145475372279,
  "area239": 4.83627204030227,
  "area240": 7.11311011161086,
  "area241": 9.68559082104008,
  "area244": 11.6619141624625,
  "area245": 11.7556248973559,
  "area249": 5.15122873345936,
  "area250": 3.12312312312312,
  "area256": 3.26894502228826,
  "area257": 19.1560807172047,
  "area260": 4.14316702819957,
  "area261": 8.49497126436782,
  "area263": 4.27998854852562,
  "area265": 2.04081632653061,
  "area271": 5.19747235387046,
  "area272": 7.87800465236495,
  "area273": 4.63495910330203,
  "area275": 4.99146757679181,
  "area276": 8.24415717832377,
  "area280": 4.71289274106176,
  "area283": 0,
  "area284": 6.16136919315403,
  "area285": 8.17683708187884,
  "area286": 8.03034960735545,
  "area287": 6.04321404456448,
  "area288": 6.52412280701754,
  "area290": 3.48742903487429,
  "area291": 5.33268101761252,
  "area295": 8.36236933797909,
  "area297": 8.52301063256797,
  "area300": 5.65189466923571,
  "area301": 5.43490428747341,
  "area304": 8.70588235294118,
  "area305": 4.48355011476664,
  "area309": 4.31211498973306,
  "area312": 2.30572160546541,
  "area316": 6.35571501793952,
  "area317": 4.31621990004543,
  "area318": 4.52488687782805,
  "area319": 0,
  "area320": 3.88422315536893,
  "area322": 5.59878213802436,
  "area398": 8.04214444261358,
  "area399": 9.89470424279963,
  "area400": 5.78623091347442,
  "area402": 5.62515352493245,
  "area403": 4.39519158527423,
  "area405": 8.21282666493742,
  "area407": 6.75970344526821,
  "area408": 6.73632347944274,
  "area410": 8.41989406342437,
  "area413": 0,
  "area416": 8.86777513855899,
  "area417": 12.9784688995215,
  "area418": 14.2142817012192,
  "area420": 7.05613655487438,
  "area421": 3.73831775700935,
  "area422": 3.37447740394187,
  "area423": 12.5475767571682,
  "area425": 11.7089530475357,
  "area426": 5.97557282729383,
  "area430": 5.76424870466321,
  "area433": 8.53528425544886,
  "area434": 8.578125,
  "area435": 6.99844479004666,
  "area436": 7.76826859776168,
  "area438": 10.9756097560976,
  "area440": 7.90770028519575,
  "area441": 7.44447156455943,
  "area442": 0,
  "area444": 11.0849177471429,
  "area445": 10.9983607837015,
  "area475": 6.57922572456103,
  "area476": 0,
  "area478": 12.4096614682389,
  "area480": 7.64671013633669,
  "area481": 13.0515191545575,
  "area483": 2.95454545454545,
  "area484": 4.71454880294659,
  "area489": 5.13698630136986,
  "area491": 6.84916614120154,
  "area494": 6.96166042087057,
  "area495": 5.76368876080692,
  "area498": 5.97771023302938,
  "area499": 10.9223300970874,
  "area500": 12.9480801122592,
  "area503": 7.29008790542589,
  "area504": 6.52985074626866,
  "area505": 11.6349533389892,
  "area507": 6.16815334978174,
  "area508": 5.16734509271823,
  "area529": 13.1352045496239,
  "area531": 6.5084893339138,
  "area532": 0,
  "area535": 5.65673621999759,
  "area536": 10.4535829711356,
  "area538": 9.3545858374706,
  "area541": 3.0819380648985,
  "area543": 16.3683696713309,
  "area545": 5.82477341389728,
  "area560": 7.74705315442212,
  "area561": 6.03146853146853,
  "area562": 7.39644970414201,
  "area563": 5.30785562632696,
  "area564": 10.5531526883785,
  "area576": 4.2910447761194,
  "area577": 10.0530893482435,
  "area578": 3.42583076396026,
  "area580": 4.81162051747617,
  "area581": 4.88936473947181,
  "area583": 2.52293577981651,
  "area584": 4.63356973995272,
  "area588": 5.55555555555556,
  "area592": 7.4238578680203,
  "area593": 4.67065868263473,
  "area595": 4.32989690721649,
  "area598": 7.47389631800696,
  "area599": 6.19202226345083,
  "area601": 3.83734249713631,
  "area604": 16.1864128651132,
  "area607": 3.49854227405248,
  "area608": 4.99451152579583,
  "area609": 7.39504873726185,
  "area611": 13.7284701114488,
  "area614": 3.14720812182741,
  "area615": 2.92899408284024,
  "area616": 9.36914428482199,
  "area619": 5.90264469145266,
  "area620": 2.64957264957265,
  "area623": 6.24078624078624,
  "area624": 10.6299212598425,
  "area625": 6.59992584352985,
  "area626": 5.86802480070859,
  "area630": 4.8605577689243,
  "area631": 7.85550458715596,
  "area635": 7.23637650389243,
  "area636": 6.25358577165806,
  "area638": 13.9345631577691,
  "area678": 6.71299719059589,
  "area680": 9.86113127207626,
  "area681": 4.48188175460903,
  "area683": 4.11599625818522,
  "area684": 10.4086330935252,
  "area686": 4.2430780294858,
  "area687": 3.45974717232202,
  "area689": 7.41602926504822,
  "area691": 4.91012713722052,
  "area694": 9.76617954070981,
  "area697": 4.30292598967298,
  "area698": 7.84911411697466,
  "area700": 8.4707476846623,
  "area702": 5.4531490015361,
  "area704": 12.0151183608514,
  "area707": 3.93145161290323,
  "area710": 7.59962534059946,
  "area729": 4.55840455840456,
  "area732": 3.22479649342517,
  "area734": 7.20759118847862,
  "area736": 10.1935483870968,
  "area738": 10.1241272304112,
  "area739": 6.27438231469441,
  "area740": 5.18268805121395,
  "area742": 4.70459518599562,
  "area743": 8.17071998461982,
  "area746": 5.76923076923077,
  "area747": 4.32432432432432,
  "area748": 6.09985869053227,
  "area749": 9.23005833766534,
  "area751": 6.38379204892966,
  "area753": 17.7331437374096,
  "area755": 16.2842639593909,
  "area758": 6.75275760021523,
  "area759": 4.13129598189021,
  "area761": 6.98610570055837,
  "area762": 4.14890593918727,